Nome: ILHA DE TRINDADE
Codigo Estacao: A650
Latitude: -20.483333
Longitude: -29.321389
Altitude: 5
Situacao: Desativada
Data Inicial: 2008-01-01
Data Final: 2012-10-30
Periodicidade da Medicao: Mensal

Data Medicao;NUMERO DE DIAS COM PRECIP. PLUV, MENSAL (AUT)(número);PRECIPITACAO TOTAL, MENSAL (AUT)(mm);PRESSAO ATMOSFERICA, MEDIA MENSAL (AUT)(mB);TEMPERATURA MEDIA, MENSAL (AUT)(°C);VENTO, VELOCIDADE MAXIMA MENSAL (AUT)(m/s);VENTO, VELOCIDADE MEDIA MENSAL (AUT)(m/s);
2008-01-31;null;null;null;null;null;null;
2008-02-29;null;null;null;null;null;null;
2008-03-31;null;null;null;null;null;null;
2008-04-30;null;null;null;null;null;null;
2008-05-31;null;null;null;null;null;null;
2008-06-30;null;null;null;null;null;null;
2008-07-31;null;null;null;null;null;null;
2008-08-31;null;null;null;null;null;null;
2008-09-30;null;null;null;null;null;null;
2008-10-31;null;null;null;null;null;null;
2008-11-30;null;null;null;null;null;null;
2008-12-31;null;null;null;null;null;null;
2009-01-31;null;null;null;null;null;null;
2009-02-28;null;null;null;null;null;null;
2009-03-31;null;null;null;null;null;null;
2009-04-30;null;null;null;null;null;null;
2009-05-31;null;null;null;null;null;null;
2009-06-30;null;null;null;null;null;null;
2009-07-31;null;null;null;null;null;null;
2009-08-31;null;null;null;null;null;null;
2009-09-30;null;null;null;null;null;null;
2009-10-31;null;null;null;null;null;null;
2009-11-30;null;null;null;null;null;null;
2009-12-31;null;null;null;null;null;null;
2010-01-31;null;null;null;null;null;null;
2010-02-28;null;null;null;null;null;null;
2010-03-31;null;null;null;null;null;null;
2010-04-30;null;null;null;null;null;null;
2010-05-31;null;null;null;null;null;null;
2010-06-30;null;null;null;null;null;null;
2010-07-31;null;null;null;null;null;null;
2010-08-31;null;null;null;null;null;null;
2010-09-30;null;null;null;null;null;null;
2010-10-31;null;null;null;null;null;null;
2010-11-30;null;null;null;null;null;null;
2010-12-31;null;null;null;null;null;null;
2011-01-31;null;null;null;null;null;null;
2011-02-28;null;null;null;null;null;null;
2011-03-31;null;null;null;null;null;null;
2011-04-30;null;null;null;null;null;null;
2011-05-31;null;null;null;null;null;null;
2011-06-30;null;null;null;null;null;null;
2011-07-31;null;null;null;null;null;null;
2011-08-31;null;null;null;null;null;null;
2011-09-30;null;null;null;null;null;null;
2011-10-31;null;null;null;null;null;null;
2011-11-30;null;null;null;null;null;null;
2011-12-31;null;null;null;null;null;null;
2012-01-31;null;null;null;null;null;null;
2012-02-29;null;null;null;null;null;null;
2012-03-31;null;null;null;null;null;null;
2012-04-30;null;null;null;null;null;null;
2012-05-31;null;null;null;null;null;null;
2012-06-30;null;null;null;null;null;null;
2012-07-31;null;null;null;null;null;null;
2012-08-31;null;null;null;null;null;null;
2012-09-30;null;null;null;null;null;null;
2012-10-31;null;null;null;null;null;null;

