Nome: CARANGOLA
Codigo Estacao: A503
Latitude: -20.74166666
Longitude: -42.01749999
Altitude: 399
Situacao: Desativada
Data Inicial: 2008-01-01
Data Final: 2010-09-21
Periodicidade da Medicao: Mensal

Data Medicao;NUMERO DE DIAS COM PRECIP. PLUV, MENSAL (AUT)(número);PRECIPITACAO TOTAL, MENSAL (AUT)(mm);PRESSAO ATMOSFERICA, MEDIA MENSAL (AUT)(mB);TEMPERATURA MEDIA, MENSAL (AUT)(°C);VENTO, VELOCIDADE MAXIMA MENSAL (AUT)(m/s);VENTO, VELOCIDADE MEDIA MENSAL (AUT)(m/s);
2008-01-31;19;230,4;967;22,7;0;0;
2008-02-29;19;188,8;967,1;23,4;0;0;
2008-03-31;18;117,4;967,4;22,8;0;0;
2008-04-30;12;109;967;22,5;3;,1;
2008-05-31;7;50,2;971;19;3,7;,4;
2008-06-30;8;10,8;973,3;18,2;2,9;,5;
2008-07-31;5;13,6;974,9;17,3;2,5;,4;
2008-08-31;5;26,8;971,9;19,9;3,6;,6;
2008-09-30;11;86,4;971,6;20,1;3,1;,7;
2008-10-31;10;36,6;970,5;22,5;5,5;,8;
2008-11-30;26;197,6;967,9;21,4;3,5;,3;
2008-12-31;8;null;null;null;null;null;
2009-01-31;null;null;null;null;null;null;
2009-02-28;null;null;null;null;null;null;
2009-03-31;null;null;null;null;null;null;
2009-04-30;null;null;null;null;null;null;
2009-05-31;null;null;null;null;null;null;
2009-06-30;null;null;null;null;null;null;
2009-07-31;1;null;null;null;null;null;
2009-08-31;5;70,6;973,7;20,6;4;,8;
2009-09-30;7;106,2;971,1;23,7;3,7;,9;
2009-10-31;18;207,4;968,2;23,2;4,5;,7;
2009-11-30;14;127;966,9;25,8;5,2;,8;
2009-12-31;20;279,8;967;25,1;4,1;,8;
2010-01-31;8;53,4;968,5;26,8;5,5;,8;
2010-02-28;11;82,4;968,9;26,5;4,8;,7;
2010-03-31;25;282,2;967,9;25;3,6;,7;
2010-04-30;17;91,2;970,8;22,7;3,6;,6;
2010-05-31;15;63,6;970,9;20,8;3,4;,5;
2010-06-30;10;11;975,2;18,3;3;,5;
2010-07-31;8;24,8;975,9;19,8;3,4;,6;
2010-08-31;5;11;974,9;19,5;4,1;,8;
2010-09-30;1;null;null;21,9;4,1;null;

