Nome: BREVES
Codigo Estacao: A228
Latitude: -1.68027777
Longitude: -50.47805554
Altitude: 11
Situacao: Pane
Data Inicial: 2017-10-19
Data Final: 2023-12-31
Periodicidade da Medicao: Mensal

Data Medicao;NUMERO DE DIAS COM PRECIP. PLUV, MENSAL (AUT)(número);PRECIPITACAO TOTAL, MENSAL (AUT)(mm);PRESSAO ATMOSFERICA, MEDIA MENSAL (AUT)(mB);TEMPERATURA MEDIA, MENSAL (AUT)(°C);VENTO, VELOCIDADE MAXIMA MENSAL (AUT)(m/s);VENTO, VELOCIDADE MEDIA MENSAL (AUT)(m/s);
2017-10-31;6;null;null;null;null;null;
2017-11-30;10;64,6;1008,4;27,3;3,3;1,1;
2017-12-31;21;257;1008,9;26,3;5,7;1;
2018-01-31;25;320,6;1009,5;25,8;4,8;1;
2018-02-28;25;269;1009,9;25,5;2,9;,9;
2018-03-31;28;301;1009,7;25,9;5,6;,9;
2018-04-30;29;306,4;1010,8;25,7;3,8;,9;
2018-05-31;30;298;1011,2;26;3,2;,9;
2018-06-30;18;229;1011,9;26,8;5,1;,9;
2018-07-31;12;62,6;1011,8;26,6;3,1;,9;
2018-08-31;15;84;1012,3;26,5;3,3;1;
2018-09-30;22;78,2;1009,8;26,6;4,2;1,1;
2018-10-31;14;41,4;1009,3;27,3;5,9;1,1;
2018-11-30;17;155,6;1008,5;27,2;3,4;1,1;
2018-12-31;28;406;1010,7;25,5;3,6;,9;
2019-01-31;31;318,4;1011;25,6;4,1;,9;
2019-02-28;25;304,8;1010,5;25,6;3,8;,9;
2019-03-31;28;367;1011;25,8;3,7;,9;
2019-04-30;29;438;1010,7;26;3,2;,9;
2019-05-31;27;204,2;1010,2;26,6;3,2;,9;
2019-06-30;20;201,8;1011,7;27,1;2,8;,9;
2019-07-31;19;116,8;1011,8;26,8;3,4;,9;
2019-08-31;10;80;1012,4;27;3,2;1;
2019-09-30;12;38,8;1010,8;27,3;3,4;1,1;
2019-10-31;17;78,2;1009,4;26,9;3,8;1;
2019-11-30;14;41,4;1008,3;27,3;3,6;1,1;
2019-12-31;25;222,6;1008,7;26,6;4,3;1;
2020-01-31;31;340,6;1010,6;25,9;3,5;,9;
2020-02-29;28;415;1010,7;25,7;3,4;,9;
2020-03-31;28;286,6;1010,5;26,1;3,1;,9;
2020-04-30;19;null;null;26,2;3,9;null;
2020-05-31;null;null;null;null;null;null;
2020-06-30;null;null;null;null;null;null;
2020-07-31;null;null;null;null;null;null;
2020-08-31;null;null;null;null;null;null;
2020-09-30;null;null;null;null;null;null;
2020-10-31;null;null;null;null;null;null;
2020-11-30;null;null;null;null;null;null;
2020-12-31;null;null;null;null;null;null;
2021-01-31;null;null;null;null;null;null;
2021-02-28;null;null;null;null;null;null;
2021-03-31;null;null;null;null;null;null;
2021-04-30;null;null;null;null;null;null;
2021-05-31;null;null;null;null;null;null;
2021-06-30;null;null;null;null;null;null;
2021-07-31;null;null;null;null;null;null;
2021-08-31;null;null;null;null;null;null;
2021-09-30;null;null;null;null;null;null;
2021-10-31;null;null;null;null;null;null;
2021-11-30;null;null;null;null;null;null;
2021-12-31;null;null;null;null;null;null;
2022-01-31;null;null;null;null;null;null;
2022-02-28;null;null;null;null;null;null;
2022-03-31;null;null;null;null;null;null;
2022-04-30;6;null;null;null;null;null;
2022-05-31;null;null;null;null;null;null;
2022-06-30;null;null;null;null;null;null;
2022-07-31;null;null;null;null;null;null;
2022-08-31;null;null;null;null;null;null;
2022-09-30;null;null;null;null;null;null;
2022-10-31;null;null;null;null;null;null;
2022-11-30;null;null;null;null;null;null;
2022-12-31;null;null;null;null;null;null;
2023-01-31;null;null;null;null;null;null;
2023-02-28;null;null;null;null;null;null;
2023-03-31;null;null;null;null;null;null;
2023-04-30;null;null;null;null;null;null;
2023-05-31;null;null;null;null;null;null;
2023-06-30;null;null;null;null;null;null;
2023-07-31;null;null;null;null;null;null;
2023-08-31;null;null;null;null;null;null;
2023-09-30;null;null;null;null;null;null;
2023-10-31;null;null;null;null;null;null;
2023-11-30;null;null;null;null;null;null;
2023-12-31;null;null;null;null;null;null;

