Nome: CONTAGEM
Codigo Estacao: A501
Latitude: -19.95
Longitude: -44.08333333
Altitude: 980
Situacao: Desativada
Data Inicial: 2008-01-01
Data Final: 2008-06-24
Periodicidade da Medicao: Mensal

Data Medicao;NUMERO DE DIAS COM PRECIP. PLUV, MENSAL (AUT)(número);PRECIPITACAO TOTAL, MENSAL (AUT)(mm);PRESSAO ATMOSFERICA, MEDIA MENSAL (AUT)(mB);TEMPERATURA MEDIA, MENSAL (AUT)(°C);VENTO, VELOCIDADE MAXIMA MENSAL (AUT)(m/s);VENTO, VELOCIDADE MEDIA MENSAL (AUT)(m/s);
2008-01-31;20;326,4;905,2;21,7;6;2,4;
2008-02-29;14;174,2;905,7;22,8;7,7;2,3;
2008-03-31;18;217,2;905,8;22,2;5,9;2,2;
2008-04-30;11;95;905,4;22,4;6,4;1,8;
2008-05-31;null;0;908,4;19,8;5,5;1,8;
2008-06-30;1;null;909,6;19,9;5,1;2,1;

